feature,rf_importance
special_char_count,0.05583633680373089
word_count,0.0466740290211418
body_length,0.044708075250140936
wrote,0.029164872627665244
com,0.023471124808736754
mail,0.01750228401132981
url_count_body,0.016604179519429735
org,0.01616438297198912
max_url_length,0.015097740900569269
http,0.01463521243836829
question_mark_count,0.013836889127068404
list,0.013645283553888226
10,0.011776272068539375
capital_ratio,0.01108864173622465
is_free_email,0.009547969345174307
opensuse,0.00943409754551917
2007,0.009117275790287684
message,0.009026411506037134
listinfo,0.008432090756440856
like,0.008167520238583822
thanks,0.00750269630424651
exclamation_count,0.007201185539461215
mailing,0.007048662476892746
using,0.006791642066901524
mailman,0.006719811974900986
use,0.006686549041548067
2008,0.006172170359176008
_______________________________________________,0.006002201875472908
unsubscribe,0.005783638188885478
mailing list,0.005482057315011273
email,0.005436943056797917
http mail,0.005143970118405291
subject_length,0.004840220959595013
version,0.004413715599451395
python org,0.004280378971128597
problem,0.004234695054759665
code,0.004207179262484978
know,0.004049696285404507
www,0.004045927110126693
regards,0.0040158086627021
account,0.00399155842916026
org http,0.003972774345481485
python,0.003808738281476902
file,0.003736038736998511
cnn com,0.003701012064117703
net,0.0036990215642225474
uai,0.003628116860221857
urgency_word_count,0.0036103580109068194
listinfo python,0.0035778429057412428
options,0.003503403338629772
mail python,0.003485149818890847
address,0.003289064491870516
11,0.003282688857810497
mailman listinfo,0.003204087508680084
click,0.0031546550776654497
perl,0.0031523065287118062
monkey org,0.0031519813338471486
linux,0.0029727420605340517
jose,0.002895022868334933
30303,0.0028935787025145005
http www,0.0028918773490056223
org mailman,0.002859072554851968
monkey,0.002853654265447048
jose monkey,0.0028450340613379466
cnn,0.0026810253729055602
contact,0.00267748040540912
university,0.002576311704969954
aug,0.002566135572529178
aug 2008,0.002561678080275289
sender_domain_length,0.002477779560248138
2008 cable,0.0024055243040283407
time warner,0.0023979937137033245
spamassassin,0.0023806315489060975
georgia 30303,0.0023686288512989053
com preference,0.0023127914917374795
url_count_col,0.0023095728340106216
atlanta,0.0022825105568527464
following,0.002271491518763324
dear,0.0022299733857913343
cable news,0.002161030954403208
way,0.002128583329743779
information,0.0020777073244121662
12,0.0020713289629886384
ve,0.0020666422043570964
hi,0.002062056620002806
million,0.002053591991799902
center atlanta,0.002046352517968876
pm,0.0020346150315005266
ge,0.00200811709104174
mailman options,0.0020062487535269548
spam_word_count,0.0019629892782788987
unsubscribe http,0.0019108856991906032
settings manage,0.0018985000030732832
_______________________________________________ python,0.0018892636984676476
send,0.0018764238991450573
watches,0.001850418802940789
postfix,0.001847677741212666
new,0.0018281513626968108
web,0.0018258180385384059
business,0.0018034224800511818
subject,0.0017959623822995658
georgia,0.001793771352721569
news network,0.0017778395826659485
test,0.0017716052292017545
include,0.0017623050256818373
agreed receive,0.001745404895342568
life,0.0017102542693943341
manage settings,0.0016744699065156165
bug,0.0016611439773688405
preference,0.001658940866094435
data,0.0016578937723680858
cable,0.0016513114860140503
com result,0.0016339861679651772
february,0.0016101590543063846
money,0.0016053848711108955
replica,0.0015992088163148815
bank,0.001591906954086075
men,0.0015798030383210218
server,0.0015759774315036842
systems,0.0015608000820185842
just,0.0015600785394235793
used,0.0015355284662456697
issues,0.0015340827059238012
lar,0.0015109370114892804
dollars,0.0015020733135844516
ren,0.0014994867943833937
feb,0.0014912574228855013
po,0.0014595487347566262
40tangomu,0.0014436209439700433
14,0.001431640463063339
preference settings,0.001413389648082626
warner,0.0013985500055356136
mr,0.001389717166444934
atlanta georgia,0.0013813903544957888
want,0.0013451955078559957
doesn,0.0013133993816084575
dailytop10,0.0013100053572693933
reply,0.0012994822826668112
offer,0.0012891006885070134
dev,0.0012800166008827497
patch,0.0012606255258781846
hour_of_day,0.0012571610964488918
health,0.0012569195304985657
country,0.0012256115720464613
30303 2008,0.0012238234264855068
receive email,0.0011972765568657986
url video,0.0011951584125911507
day_of_week,0.001178948445426525
fund,0.0011762916131850731
user,0.001166479425986797
customer,0.0011651246829743583
apache,0.0011611854074424618
inches,0.0011213869649230861
yahoo,0.0011137131247359795
sent,0.0011135970076651968
sum,0.0010990020453856013
set,0.0010954592102469685
time,0.001094591866023285
need,0.0010823196727850904
cnn dailytop10,0.00106991462769202
issue,0.0010672511334558468
transaction,0.0010609209148167693
phone,0.0010506089151870956
think,0.0010505286691423579
assistance,0.0010294838537218646
en,0.0010262716213013782
trusted news,0.0010202650038442687
run,0.0010197831135048186
problems,0.001017151566915851
apache org,0.0010123930838199329
transfer,0.0010076728458930514
warner company,0.000997834312851967
applications,0.0009822188165812815
id,0.0009787133745231271
ap,0.0009755463033546468
security,0.0009743998290268029
additional,0.0009663521678835873
sender_receiver_domain_match,0.0009598965508319769
visit,0.000958466109727285
company rights,0.00095369242192697
computer,0.0009503678031527115
don,0.0009492688603449488
running,0.000926651979800202
lllp cnn,0.0009259367990176548
service,0.0009258016584223385
interested,0.0009170253543215876
lllp,0.0008922274724286815
cnn center,0.0008919516733447495
attached,0.0008918872093952438
video,0.0008911591708844569
date,0.0008891377967756395
site,0.0008729990049092181
cgi cnn,0.0008717170606863274
send comments,0.0008658827636986977
fax,0.0008621606153204638
update,0.00084881371105293
cheers,0.0008387720902440917
thank,0.0008343963788432677
love,0.0008243396592882092
online,0.0008201787273143369
based,0.0008035651081293486
index,0.0008001501073224054
details,0.0007997757512502763
price,0.0007973678847037988
question,0.0007908634963608414
funds,0.0007866695692611735
papers,0.0007826352046318863
guaranteed,0.0007790640250662309
watch,0.0007702907396923227
daily 10,0.0007620114064712322
rolex,0.0007612185717617213
end,0.0007544119564902223
2008 showbiz,0.0007537935740779849
world,0.0007519440426119874
options python,0.0007492899592144416
make,0.0007415878321710481
group,0.0007414455187961829
prices,0.0007400340080547459
urgent,0.000739434032987998
network lp,0.0007358752652094054
life glad,0.0007356490848641285
does,0.0007317273130892106
private,0.0007246387174166136
company,0.0007223392818435661
link,0.0007214799026588574
bn manage,0.0007212987918264923
challenge cc,0.0007046429627915712
unsubscribe daily,0.0006897319405633367
verify,0.0006878767053831703
number,0.0006818052162799478
error,0.0006700336750833079
family,0.0006699795397990194
banking,0.0006695284325678924
reserved,0.0006670395429257462
help,0.0006637352136598512
free,0.0006615402185723457
email cnn,0.0006551686642538966
cc,0.0006527496717699947
did,0.0006524222639634798
02,0.0006501878012807913
html url,0.0006475072667061157
html,0.0006455344879314107
videos stories,0.0006453489537862596
local,0.000643911849412527
buy,0.0006418776281201248
penis,0.0006339361675163052
payment,0.0006320728272128536
plane,0.0006318594566366382
rights reserved,0.0006317514849619235
view,0.0006310365100001342
40tangomu com,0.000629227998188498
note,0.0006282931306057909
late,0.0006280091695587558
crash,0.0006246721987800682
best,0.0006232108902872595
spam,0.0006216311561219604
soon,0.0006194296563628375
total,0.0006133726348291741
url,0.0006114823069719738
manage,0.000609663934969177
submission,0.0006090942333363726
personal life,0.0006085738982318713
work,0.0006039262442689758
index html,0.0005997879912501246
kindly,0.0005944656792322634
man,0.0005901266197751315
challenge,0.0005876410793583873
cgi,0.0005871542030953099
nz,0.0005869987970113482
increase,0.0005858845720509636
available,0.0005809109437834617
international,0.000579406105784036
10 daily,0.0005772520941737054
00,0.0005733024799835989
replica watches,0.000570485597154328
agreed,0.0005700992132742484
rights,0.0005695057274401487
fast,0.000567877622041293
07,0.0005671656272353237
foreign,0.0005660473526452732
united,0.0005659734404805926
machine,0.0005634707138026178
africa,0.0005631223426085501
direct,0.0005617809415782466
ap index,0.0005604266040671133
com linkto,0.0005601736387521058
partners,0.000558138588271383
python dev,0.0005574327877494674
email index,0.0005534978093581446
guidelines going,0.0005533715043509857
16,0.0005521897410328361
size,0.00055086885490355
www cnn,0.0005489904666669407
files,0.0005488428810365383
follow,0.0005435716851876254
delivery,0.0005421915751870662
usa,0.0005415159609109454
got,0.0005395717404602156
died,0.0005362720570021834
april,0.0005350935496916815
uk,0.0005337642328954026
privacy,0.000525435198785201
receive,0.00052490256274986
notice,0.0005245163017760219
cc cnn,0.0005217106014482447
till,0.0005184581926456834
edt 10,0.000517712540560607
network,0.0005164087479993425
great,0.0005138534079400894
settings,0.0005117760471681247
create,0.0005091297561177939
ceas,0.0005088392263183866
usaa,0.0005036642436101643
order,0.0004995983514102044
conference,0.0004982271990853492
work think,0.000497664541056812
government,0.0004971925063421937
page,0.0004965178647776619
news,0.0004907310633601899
effective,0.0004902522707368591
personal,0.00048612139027021784
gvc,0.0004851642787657594
deceased,0.00048201027796571436
example,0.0004811714389513493
sa,0.00047997995503454814
claim,0.00047704980982089465
expenses,0.00047697313230623937
immediately,0.00047359772981258696
secure,0.0004733210716108217
13,0.00047287404942830875
good,0.00047144648437348353
gvc ceas,0.00046706325688227173
hope,0.00046662831979916194
yes,0.00046598030615924364
center,0.00046584051583190364
change,0.0004590137542568045
le,0.0004582960622852492
sincerely,0.00045620452197721334
list zvllln,0.0004500359282800251
post,0.0004490364879184274
investment,0.0004472361063473545
research,0.0004464143130117442
assist,0.00044563276035076776
market,0.0004431397291882481
deposited,0.0004428616246714762
receiving,0.0004425049829467334
current,0.00044015382190660044
users,0.0004389402874299129
glad,0.00043555539132340604
hello,0.0004298749941890642
science,0.0004287148972815058
crime 08,0.0004286489361714267
10 cnn,0.00042850326249219085
mailbox,0.0004257674437312429
lp lllp,0.0004249854715917253
20,0.0004239843996191303
safe,0.0004227586680229404
working,0.00042128135011146263
feedback read,0.0004209267051884606
suggestions going,0.00042066365942376206
com daily,0.00041963281863426923
manage html,0.0004189672592990343
notification,0.00041896528621825226
case,0.0004181278968261345
oct,0.0004143110972248463
news cable,0.00041394505478649184
sure,0.0004136773389446839
pay,0.00041230327497294663
friend,0.00041168256102831996
pro,0.0004104269707786536
kin,0.0004101415122459736
sex,0.00040831662660247253
line,0.0004067651389441455
add,0.0004061191732654022
sign,0.00040097974135855694
response,0.00039763012859495413
going,0.00039603339162437844
ng,0.00039567532020401587
proposal,0.0003921530515336746
request,0.00039187389631377054
000,0.0003906203272955231
story,0.0003842405839654169
continue,0.00038409463512382324
application,0.00038284307863344845
received,0.0003804978352653738
look,0.00038021732100233964
beneficiary,0.0003792424855988023
von,0.00037794984385101807
comments,0.00037508689027779106
john,0.0003723555705043037
financial,0.0003713299680532844
important,0.0003710196734172019
confirm,0.000370751772208993
ceas challenge,0.00037041422852199024
la,0.00036971578124896115
partners email,0.00036960422242098706
com videos,0.00036353495555400836
deadline,0.0003620253016207352
100,0.0003620193891426963
people,0.00036183474002802194
confidential,0.0003602724977683755
telephone,0.0003553342228368305
client,0.00035478255614134505
build,0.0003546331279501165
partner,0.00035455484375137257
08,0.0003539869308227438
wish,0.0003518820791626995
learning,0.00035097243876100877
30,0.0003504314740011813
li,0.0003500489098102291
paper,0.0003493189513375559
services,0.0003478080844843407
future,0.0003472210423541561
emails,0.00034595329538396655
html cnn,0.0003450594480915134
default,0.00034359412435792035
18,0.0003432879113636829
years,0.00034225686627822963
download,0.0003414513997196205
team,0.0003403892103231091
forward,0.0003399370688384756
hours,0.00033986859730459956
quality,0.0003395827341938739
decided,0.00033916829231962927
bank account,0.0003366435146049681
eum python,0.00033578659064652895
best regards,0.00033543783406421045
software,0.0003346863620756316
deposit,0.00033341221624118983
ac nz,0.00033336837611014857
ma,0.00033308903613965156
credit,0.00033238152905742317
day,0.00033219788488398586
intended,0.0003310693574405301
project,0.00033017736355294667
windows,0.0003291642997655712
american,0.00032717988240171515
shall,0.0003268896312180673
management,0.0003258489244515548
site details,0.0003256288791146128
products,0.0003239402771567315
ensure,0.00032393622926301996
15,0.0003231964610512642
months,0.00032232558651102685
sir,0.0003219495445800374
results,0.0003212514455545961
dev mailing,0.0003159641865049855
ct,0.0003155102907925433
technology,0.0003148471670768709
accounts,0.0003142721089097106
website,0.000313939931404501
password,0.000313747548050812
topics,0.0003126164564239307
php,0.00031239745796959097
death,0.00031205392536776957
possible,0.0003120211949232511
gain,0.00031183082002311276
messages,0.00031175632177239736
copyright,0.0003102193144074337
edu,0.00030969664551191154
today,0.00030820224210285197
let,0.0003077775766603461
card,0.0003072782866982871
type,0.0003059239037843891
video world,0.00030548234348587444
currently,0.0003038554702615964
home,0.00030163128314015933
custom,0.0003015681488387735
store,0.00029794082114628656
000 00,0.00029674489587576777
release,0.00029655018952355334
alert,0.00029612375864683944
start,0.0002927267115231355
foreigner,0.00029078900130750284
40,0.0002907163014327869
com aug,0.0002903782559646004
person,0.00028995411534317244
germany,0.0002896857724882077
thousand,0.0002859634553097056
cost,0.0002858492968335801
really,0.00028250450396377185
office,0.00028159026526434534
looking,0.00028081601338597357
kind,0.00027852124347309043
required,0.00027834284747996413
provide,0.00027730169464102106
2008 02,0.00027594239676674445
care,0.00027586023413013727
policy,0.000275746891211053
result cnn,0.00027399793083469876
october,0.00027359077388242764
check,0.00027204988914855704
watches replica,0.00027017516495554753
right,0.0002665918096449203
buildbot,0.00026651554491329693
documents,0.00026562585756830583
member,0.0002654328264173671
process,0.0002653107286390651
hear,0.0002653103176547871
come,0.0002652854006409775
ll,0.0002651197414829628
share,0.00026301636129314105
nov,0.00026293656860139
ok,0.00026264915156291803
works,0.00026160374054271294
wa,0.00026147147913062937
google,0.0002603799623613555
days,0.00025966645103740765
march,0.0002587497900038255
log,0.00025849399303707737
read,0.00025826820716282577
email address,0.0002568041187949731
text,0.00025420285079071596
17,0.00025373582649717094
com clik,0.00025224641674358763
europe,0.00025171821187379553
open,0.00024971213273883053
https,0.00024927384375950237
old,0.0002491158670778353
offers,0.0002487819242039451
support,0.00024782482550244136
son,0.00024607573060177694
write,0.00024561742441886627
invest,0.0002453192708387676
newsletter,0.00024297778636377134
is_weekend,0.00023988742890533788
including,0.00023965577245962737
python 3000,0.00023864401045052498
ca,0.0002377203242129448
discovered,0.00023747120441519924
upgrade,0.0002362248605346822
dr,0.0002350470189675736
enable,0.000234617881973033
world europe,0.00023433072787028457
learn,0.00023393744495484278
alert custom,0.00023365011927267023
purchase,0.000232661011412456
access,0.0002318550886608482
year,0.00023088632620120586
box,0.00023084691815951992
replica classics,0.00022985293754411402
content,0.00022950267176712728
believe,0.00022939175837770502
domain,0.0002288202098603478
reason,0.00022719489609057962
matter,0.00022621105640199636
risk,0.00022563416770188453
given,0.00022533548212714716
delivered,0.0002248072837104929
god,0.00022360630883224518
hash,0.00022355874149121365
trust,0.00022328223018853847
fact,0.000222057258498188
trying,0.00022198499303883247
letter,0.00022036838913048408
nigeria,0.00022019119859380116
easy,0.000219894197756852
questions,0.00021969979517288417
privacy guidelines,0.00021965596742946496
seek,0.0002195580146615008
necessary,0.00021827150313983833
bn,0.00021785088617792584
better,0.00021753042207786567
cnn trusted,0.0002171914254217582
search,0.00021714538046830678
product,0.00021581160667676357
pc,0.0002151684862613916
doing,0.00021499632936521792
allow,0.00021463557408455064
24,0.00021455620949704056
researchers,0.00021411860959187046
friends,0.00021361879604932146
video partners,0.00021160958215979192
department,0.0002109301071886635
gmail,0.00021054482224271032
device,0.00021028424846973644
linkto,0.0002098185292450654
having,0.00020930749796596352
58 pm,0.0002088833161930907
politics 08,0.00020810206044932737
things,0.00020667496288614403
united states,0.00020659521883161145
president,0.00020621694351321656
60,0.00020580736154145082
mrs,0.00020525373120346217
sender,0.00020520945914809214
high,0.00020429434834913946
target,0.00020342073082885837
form,0.00019981118936458734
states dollars,0.00019971691562575196
live,0.0001995522729790655
25,0.0001993300239093316
privacy html,0.00019858838695811884
hard,0.0001984629057950375
came,0.00019845812416517994
states,0.00019812762981326928
getting,0.00019812184482144665
trusted,0.00019807673051190297
complete,0.00019741180677526144
state,0.00019739629987041213
real,0.000197236452949944
finally,0.00019578162081183167
idea,0.0001956038541912995
related,0.00019556035344689372
manager,0.00019544963670127674
week,0.0001950727114761917
2005,0.0001950719035891009
3000,0.0001947855102567555
ac,0.00019432044416649004
law,0.00019404959851992967
short,0.0001936256767159854
street,0.00019291328737255068
point,0.00019285834105053296
http groups,0.00019201858771781806
women,0.00019174013108067952
22,0.00019063160599705687
known,0.00019017984158101693
workshop,0.0001898179862581231
000 000,0.00018954310775317173
say,0.00018897514566962808
program,0.000188242588915545
result,0.0001881946215162892
yahoo com,0.00018786909053019444
behalf,0.0001875045018997094
different,0.00018722661267549988
dev python,0.00018683658707544304
bit,0.00018642376151390232
19,0.0001862617227761477
format,0.0001862009393528721
zvllln eum,0.00018598320907785868
able,0.00018560443128950944
microsoft,0.0001852794294178267
checking,0.00018485131880661073
security company,0.0001844087500455652
nice,0.00018380015187577869
taken,0.00018359989935793684
09,0.00018311590913917098
summer,0.00018287888113676607
info,0.00018264199083856207
subscribe,0.00018249709720068375
custom alert,0.0001821387918605756
especially,0.00018160381157892997
23,0.0001810181908511042
applied,0.00018069653277693
review,0.00018014745164641482
paid,0.0001797895587661867
submissions,0.0001792749770509255
failed,0.00017812164907684633
attention,0.00017738542669045427
natural,0.00017719504877361777
august,0.00017655741948157633
simply,0.0001762743136125732
failure,0.00017588985458810241
operation,0.00017568493111017503
guidelines,0.0001746647342660339
sorry,0.0001737718375024055
internet,0.00017329726396982909
customers,0.00017324044113539578
million thousand,0.0001728985722680792
left,0.00017221600744560684
gains,0.0001718609029074211
classics,0.0001713944932898638
place,0.00017104339415240395
01,0.00017083550232332298
google com,0.0001706782207186054
deal,0.000170559671048938
making,0.00017041193135870872
long,0.00017024704175128916
break,0.0001698165174403983
avoid,0.0001697246788335274
discovery,0.00016937855635898672
members,0.00016917913757301089
alert alert,0.00016875287542760856
45,0.00016875103955063024
second,0.00016868126399009585
statement,0.00016852929327099522
try,0.00016832720178597515
multiple,0.00016786062972272103
95,0.00016734923544242246
opportunity,0.00016592650781719666
month,0.00016578635638734914
huge,0.0001657171942596346
configuration,0.00016565422605152979
recently,0.0001648197307313346
let know,0.00016459665058733502
party,0.00016376029562911553
city,0.00016273780867156063
sender_has_numbers,0.00016247288322410384
save,0.00016191062031908275
document,0.00016097211279240134
wait,0.00016008981849103266
tv,0.0001594574162226627
needed,0.0001594451483953892
communication,0.0001593670690203289
thing,0.00015922070446838864
ad,0.00015894516495654407
clik,0.0001582253430142817
unless,0.00015816148872631046
low,0.0001581018346325887
limited,0.0001568124451132126
special,0.00015615262076796015
owner,0.00015605045359259024
action,0.00015556248430077357
oil,0.00015533499859393638
alerts click,0.00015500945309070494
removed,0.00015479504203994254
source,0.0001544948750608769
said,0.00015432484897017339
cf,0.00015344205991859106
stand,0.00015317442044317383
little,0.0001526930919222179
later,0.0001525902367828694
pdf,0.00015214413588555452
detected,0.00015212423251656943
small,0.00015175283558365262
ask,0.00015162143080560086
world africa,0.00015150694091822534
10 videos,0.00015137528154814204
stories aug,0.000151275634864493
france,0.00015103582260141097
login,0.0001508723275098268
gmail com,0.00015041556513175377
head,0.00015018022731850555
easily,0.00014972854840942268
father,0.00014956086970711646
happy,0.0001495143369867529
fr,0.00014891790941310714
lists,0.00014830840862048808
database,0.00014801782322388513
writes,0.00014788019768780783
sat,0.00014740818048540388
recent,0.00014731520109700097
position,0.00014730253246403912
general,0.0001472899564142709
privacy policy,0.0001471797046997769
recipient,0.00014699220663397984
length,0.00014664717214860407
media,0.00014647716873428935
script,0.00014575124591934943
50,0.00014535494873193792
rules,0.00014454721512015083
copy,0.00014330055377370602
non,0.00014288471494329605
war,0.00014271606503331972
registered,0.00014246682909791746
tests,0.00014237896290472728
wrong,0.0001420863253496411
husband,0.0001405423867799873
areas,0.0001404811600982677
means,0.00014044162783013615
performance,0.00014009943272037174
remove,0.00013996677280686326
0800,0.00013994799496023968
development,0.0001395092108610351
custom email,0.00013942481823023996
2008 58,0.00013923967523003764
longer,0.0001390562914663543
present,0.00013715894455909727
mailto,0.00013707452108737016
minutes,0.0001354107106793979
feel,0.0001353715461483955
south,0.00013468419182981434
tel,0.0001344685865809628
girl,0.00013441293863036266
59,0.00013310597177869227
begin,0.0001325793533466598
latest,0.00013243635397763495
ago,0.0001321031102620224
original,0.00013150623683887903
method,0.0001314924073333113
has_suspicious_url,0.00013102442760600365
canadian,0.00013086687845834384
woman,0.0001306071003883345
notes,0.00013049562870947847
posted,0.0001304063459831209
quite,0.00013031988207053084
experience,0.00013018926626895313
mobile,0.00012984128846708063
social,0.00012936021885404133
looks,0.00012908995519598303
tell,0.00012876692107949712
apple,0.00012859317869567797
installed,0.00012845775294787148
official,0.0001284030197862109
extended,0.00012833222439289716
numbers,0.00012823000426196267
book,0.00012787906650957447
san,0.00012693925807448324
actually,0.0001268612609562276
instead,0.00012542744148617745
federal,0.00012522508818616868
terms,0.00012471965618745005
branch,0.00012463773668415493
2008 politics,0.000124359651584013
september,0.00012409944638439241
photos,0.00012406497856428766
64,0.00012360686892457084
win32,0.00012358786684249433
talk,0.0001235822553628294
contract,0.00012238245976291617
browser,0.00012150007085448703
mind,0.00012144092924670102
com video,0.00012127139828272105
main,0.00012104100976348614
module,0.0001210057863424195
tried,0.00012084072721591376
legal,0.00012082099328280994
course,0.00012036769554504695
fine,0.00012020592253810012
correct,0.00011949527571615213
unfortunately,0.00011948741524682417
involved,0.00011915071915205954
reliable,0.00011858749796856568
option,0.00011840989918484375
probably,0.00011836763365912647
jb,0.00011823454419826986
report,0.00011797587319013235
apply,0.00011685114822645513
reach,0.00011616479202073792
far,0.00011609553172577687
35,0.00011598265609170573
26,0.0001156858245602969
agree,0.00011514695505245624
national,0.0001147738527826359
south africa,0.00011433279747122792
sending,0.00011392655976166323
computer science,0.00011392653386967791
fixed,0.00011306072277415524
weeks,0.00011226649252143993
shop,0.00011209258490571193
according,0.0001116163844880158
worked,0.0001113199471257658
control,0.00011079344697996885
lot,0.00011059924123162142
specific,0.00010979036762152226
core,0.00010967984076631114
reference,0.00010962381092153801
companies,0.00010869448861822136
director,0.00010827300504599955
21,0.00010825911120888145
wed,0.00010800965519846893
writing,0.00010763323590790654
article,0.00010760498106047641
asp,0.00010749600148014111
com group,0.00010703281297210851
carried,0.00010701849956629677
purpose,0.00010683271953266446
mark,0.00010635252260420794
rule,0.00010617348983340736
situation,0.00010610408269599442
parties,0.00010573390957740496
bring,0.00010556552885965978
understand,0.00010540361626890381
ff,0.00010522240711357055
times,0.00010506367807414187
true,0.00010370796915920802
et,0.000103410826890307
changed,0.00010310311875036302
500,0.00010281843167527085
require,0.00010279952707244934
2006,0.00010238221527678932
pgp,0.00010237643543867307
setup,0.00010219887722529062
networks,0.00010195224714362601
music,0.00010168353843815188
directory,0.0001015231841372484
ready,0.00010099872836446771
entire,0.00010031482084355021
dev unsubscribe,0.0001002612867017004
firm,0.00010009048936723594
added,9.990228571704225e-05
command,9.981156312997212e-05
tools,9.9789980945318e-05
lp,9.970133788043904e-05
provided,9.943118964440188e-05
guide,9.901221830109108e-05
michael,9.823431833994237e-05
signed,9.77094344338603e-05
32,9.745671734188242e-05
virus,9.674260710602225e-05
print,9.636132406389377e-05
analysis,9.628357777438228e-05
large,9.62273882104831e-05
area,9.613582626717339e-05
signature,9.606285512248744e-05
london,9.58091150403199e-05
away,9.57537918337123e-05
links,9.524199691415503e-05
asked,9.4542519159502e-05
mother,9.402035672195753e-05
package,9.352331671599587e-05
groups,9.346345413801668e-05
held,9.335816816582954e-05
says,9.31496519080986e-05
discuss,9.270417113474688e-05
self,9.254316947525155e-05
status,9.245709559201027e-05
big,9.23513161213487e-05
choice,9.143051082889573e-05
won,9.105895118623998e-05
intelligence,9.070149768952971e-05
taking,9.031046298566917e-05
feedback,9.027589662676853e-05
cnn alerts,9.021791647785943e-05
storage,9.013080618383286e-05
active,8.932691889024028e-05
close,8.918714222857425e-05
step,8.884799518671717e-05
install,8.862003714141308e-05
bayesian,8.855492328602394e-05
hl,8.838287725624346e-05
new york,8.832817956971167e-05
laden,8.808694022545641e-05
04,8.760313365088056e-05
called,8.727722635787953e-05
uses,8.708520984069122e-05
warning,8.692563558944621e-05
students,8.646836970048224e-05
pages,8.61870421263097e-05
accept,8.561078698675476e-05
host,8.552076819136724e-05
body,8.53756096507691e-05
tag,8.530103423577569e-05
changes,8.522744303518794e-05
expected,8.514483866634434e-05
bad,8.504246128694812e-05
tool,8.455056482883096e-05
july,8.45207247343861e-05
handle,8.420378997700607e-05
event,8.3987687692612e-05
murder,8.393576048080893e-05
thought,8.378604009002704e-05
don want,8.369448073485365e-05
return,8.350091350595119e-05
29,8.344494766511918e-05
past,8.26819435098617e-05
power,8.24332298744007e-05
community,8.214099715516082e-05
friday,8.183543000629915e-05
submit,8.136846902929915e-05
pass,8.070266321031677e-05
function,8.055106197156828e-05
answer,8.039214113359758e-05
key,7.97298167921714e-05
exactly,7.921905283971294e-05
daily,7.888033968760856e-05
suggestions,7.84034088302635e-05
isn,7.82040080169794e-05
committee,7.804180963146724e-05
stuff,7.786298233866619e-05
job,7.783892312039303e-05
david,7.776469440433999e-05
shared,7.774750810699182e-05
smtp,7.709433275287612e-05
york,7.682893563457577e-05
knowledge,7.672911370252223e-05
exchange,7.665346924595336e-05
valid,7.640523320535573e-05
videos,7.633210457671349e-05
single,7.576789631116962e-05
quick,7.543855533862826e-05
school,7.492748931108688e-05
pics,7.489203981306032e-05
slide,7.404310670962009e-05
mon,7.376832642989348e-05
crime,7.349514377206449e-05
value,7.323109454216532e-05
location,7.216552214763088e-05
pl,7.175784184046395e-05
kids,7.15907844463936e-05
28,7.144531126632727e-05
arrested,7.144139439769619e-05
string,7.126482427443387e-05
author,7.11462947388457e-05
names,7.112722891283558e-05
final,7.105270758954795e-05
fix,7.094896868425262e-05
public,7.066396874939467e-05
multi,7.054463375948357e-05
major,7.032512816468706e-05
sites,6.992793691662593e-05
drive,6.980785406057811e-05
paul,6.948218168567095e-05
successful,6.9385490210292e-05
join,6.928332659159991e-05
shipping,6.917875297692154e-05
heart,6.916801206830978e-05
03,6.891708532375284e-05
receiving custom,6.850567961045432e-05
import,6.837793203619285e-05
ip,6.82254484582329e-05
reports,6.795477520462366e-05
child,6.788679653898127e-05
05,6.734919372088857e-05
solution,6.709254987875563e-05
3d,6.707558949806893e-05
didn,6.705402089014116e-05
stop,6.687795421013386e-05
boss,6.670373567528286e-05
accepted,6.667790527497145e-05
tue,6.654964553625989e-05
enterprise,6.587229858029082e-05
common,6.579010885810189e-05
alerts,6.570409290028201e-05
human,6.55179731901634e-05
features,6.544811335937615e-05
property,6.540659259432108e-05
tuesday,6.531828044353585e-05
unusual,6.53065380183816e-05
header,6.504436150454048e-05
needs,6.459354519213402e-05
space,6.357979924919013e-05
image,6.34392185525512e-05
avg,6.341450483867783e-05
modules,6.339318256027154e-05
48,6.327041970180668e-05
various,6.32658252680043e-05
feature,6.295578806356784e-05
html_tag_count,6.295080978972891e-05
white,6.294554369212039e-05
passengers,6.260138668957231e-05
admin,6.240848671231845e-05
lib,6.216718499241749e-05
ai,6.213642174675089e-05
processing,6.200747106724506e-05
track,6.188561516879746e-05
released,6.173408846900749e-05
june,6.135894495464261e-05
2015,6.135139764775433e-05
hand,6.108642592362156e-05
27,6.104533308247237e-05
reading,6.1011316680728e-05
degree,6.086597326502462e-05
politics,6.068813258591076e-05
canada,6.060237229353699e-05
06,6.040530154120948e-05
pretty,6.026266582406078e-05
rated,6.007474503405446e-05
summary,5.997430484937115e-05
created,5.9943813578690235e-05
mean,5.975749284084404e-05
https www,5.9013176447419886e-05
attack,5.87605247430877e-05
os,5.86036906343843e-05
level,5.843622407589302e-05
au,5.750631994378887e-05
daughter,5.742889335791121e-05
monday,5.71886006735348e-05
don know,5.7120228715224035e-05
interface,5.709798265204694e-05
gets,5.698503288882709e-05
ls,5.690146978564465e-05
simple,5.667649905275303e-05
31,5.6621749440298264e-05
trial,5.6544916431520764e-05
trunk,5.6175135669694964e-05
bin,5.608483863761857e-05
clear,5.56314057077252e-05
wednesday,5.557968312310664e-05
comes,5.5212016825926604e-05
output,5.512532865652445e-05
peter,5.504809365934499e-05
particular,5.488254392435192e-05
field,5.443675766682622e-05
maybe,5.4237906688595835e-05
technical,5.40968612555156e-05
digital,5.405313915213556e-05
score,5.395623132322949e-05
started,5.394464613006545e-05
forces,5.381201175714578e-05
methods,5.356622095967045e-05
going http,5.336049881997408e-05
documentation,5.328784281893964e-05
written,5.251731528582023e-05
shooting,5.219670937814499e-05
49,5.211549169280055e-05
virtual,5.20794264643526e-05
sort,5.1873740123153156e-05
selling,5.1812774240815365e-05
theory,5.162808417241678e-05
99,5.109179183587378e-05
ideas,5.09687725328387e-05
events,5.072752439404651e-05
versions,5.047640449761033e-05
expect,5.024680074161124e-05
mountain,4.982581914756134e-05
series,4.959322109215243e-05
cause,4.919766713779282e-05
engineering,4.908398164931767e-05
mining,4.889868103907915e-05
similar,4.866877368598748e-05
thu,4.860248075028282e-05
ny,4.859108745333288e-05
sun,4.851406546468852e-05
industry,4.800605006404262e-05
3000 unsubscribe,4.78250627888165e-05
44,4.778833290763961e-05
devel,4.738488920855396e-05
useful,4.735070302167674e-05
filter,4.73143298260071e-05
nl,4.728077375096499e-05
wide,4.7167265727588016e-05
published,4.702562291492621e-05
takes,4.647361480496252e-05
standard,4.6272919807049944e-05
range,4.5693078387947945e-05
airlines,4.5664021763803516e-05
stories,4.528553552418954e-05
spambayes,4.492787719429194e-05
hit,4.477495219638334e-05
living,4.43820719158104e-05
normal,4.362146854526892e-05
decision,4.339448680693414e-05
127,4.332850185982659e-05
unix,4.3322672459363045e-05
fri,4.318602591031378e-05
platform,4.302853075217578e-05
python win32,4.2908276293597596e-05
weather,4.285384650702592e-05
record,4.267931992866043e-05
makes,4.225744268445307e-05
tmp,4.220059165967703e-05
memory,4.1383985809529846e-05
cs,4.123779613719852e-05
lines,4.106348751833468e-05
description,4.096970284468042e-05
design,4.0707564425895746e-05
0100,4.0669253656317054e-05
disk,4.0657184042948505e-05
stay,4.045258555513168e-05
bugs,4.017188657637159e-05
class,3.992308747124281e-05
gas,3.983237996670134e-05
charges,3.975793052420294e-05
alerts custom,3.9534088596361e-05
usr,3.944913411355795e-05
language,3.892446310875145e-05
domains,3.882284939040028e-05
environment,3.878613654976217e-05
settings click,3.8776408994097266e-05
smsbmo,3.872580376087201e-05
fortune,3.832283919460749e-05
van,3.830720044571539e-05
46,3.82676227428909e-05
sys,3.7784414038859034e-05
institute,3.7581398894434226e-05
mar,3.752289062198543e-05
economic,3.74943410194514e-05
edt,3.748300609243535e-05
archives,3.698905407390359e-05
port,3.670278461205424e-05
table,3.667110707022253e-05
root,3.652957243624434e-05
solutions,3.613639066130634e-05
oct 2007,3.61328314689604e-05
begin pgp,3.584434747249216e-05
context,3.578519521908171e-05
arrest,3.5756092196897734e-05
path,3.574646417273354e-05
pure,3.564668411458296e-05
2008 11,3.4881820676694544e-05
47,3.4691877438929074e-05
utah,3.4126908567291265e-05
striking,3.39614001763803e-05
approach,3.39296066599194e-05
sourceforge,3.362735437347264e-05
comment,3.35132580948427e-05
closed,3.3205222638603115e-05
svn,3.3020839764319354e-05
sourceforge net,3.296365672606305e-05
iso,3.26595883387821e-05
kernel,3.2445640803530015e-05
surgery,3.2384365532145134e-05
mode,3.234584517567827e-05
hits,3.223877401353723e-05
agent,3.2205873184702936e-05
hardware,3.214277037546705e-05
policy terms,3.2055108525093816e-05
bin laden,3.1685218386565626e-05
network cnn,3.166917807267897e-05
machine learning,3.165291125601199e-05
api,3.162373265751471e-05
calls,3.113950962698261e-05
authors,3.1118697904639166e-05
criteria,3.1047694694845184e-05
dispute,3.077928755016192e-05
apr,3.0614146223416115e-05
journal,3.040198318139171e-05
martin,3.037551325069399e-05
americas,3.0274866067247827e-05
jet,3.0024821742850502e-05
chair,3.000938943077884e-05
posting,2.986356710844859e-05
groups google,2.9732571988504097e-05
37,2.9528683885302778e-05
0000,2.9421471002727568e-05
34,2.8855844335840825e-05
38,2.8613698536696455e-05
cases,2.856404578209775e-05
39,2.849219808015127e-05
frequency,2.8195195902553382e-05
smoke,2.8028794204928934e-05
library,2.7872657734971482e-05
thread,2.7857919790132183e-05
html 10,2.7748497732158256e-05
mx,2.7420239538631177e-05
driver,2.739295553870695e-05
reserved view,2.7362693085777213e-05
36,2.730692263919918e-05
techtarget,2.6909673146134783e-05
afternoon,2.6900864220779704e-05
plain,2.6677794315074373e-05
logic,2.6516208016953626e-05
los,2.6414306331198893e-05
paris,2.604297011839481e-05
models,2.59285418059268e-05
fair,2.5172520634318113e-05
trojan,2.513466869527509e-05
digest,2.507932129684639e-05
discussion,2.4991492738629404e-05
model,2.486276111659896e-05
var,2.473023865704552e-05
define,2.4695401582315036e-05
story agreed,2.4612131772024056e-05
implementation,2.4420046626170928e-05
police,2.4210036103353177e-05
aa,2.4134292067170924e-05
appeal,2.3684666291477255e-05
3000 40tangomu,2.368298297849615e-05
33,2.3640547958367124e-05
network time,2.3518166850785762e-05
evil,2.2781479435645844e-05
airport,2.2756593486290484e-05
helps,2.2754508089700165e-05
dept,2.2641499142909692e-05
world americas,2.259477650487331e-05
developer,2.2472522572198202e-05
techniques,2.227763086259199e-05
java,2.2169742062988115e-05
donate,2.1324079328560584e-05
grace,2.1315551755409748e-05
localhost,2.1184952143154396e-05
read privacy,2.0972912414452113e-05
video crime,2.0922935374475887e-05
55,2.082313371840297e-05
0500,2.0812146815367934e-05
cnet,2.0752400158985833e-05
packages,2.0638538039673973e-05
frequency unsubscribe,2.0605490911807875e-05
apparent,2.0590595305850562e-05
battle,2.0582379606943377e-05
anthony,2.04038266307285e-05
computational,2.028816190883608e-05
42,2.0285900785279128e-05
club,2.013405367659347e-05
view privacy,2.008571378676453e-05
alert cnn,1.9925403602462584e-05
41,1.9860387519566854e-05
topic,1.9852600410582755e-05
fedora,1.9812904842246427e-05
links http,1.9621650956501726e-05
foo,1.9596454838541014e-05
session,1.950012888382036e-05
charged,1.9016742041010125e-05
bruce,1.8900933621717112e-05
mccain,1.8865062804449954e-05
born,1.8765859091500535e-05
slides,1.860244160016635e-05
unsubscribe receiving,1.8547852136126104e-05
8859,1.838275119292259e-05
survival,1.837732686142631e-05
campaign,1.8303476367555222e-05
wrap,1.822050132179137e-05
jr,1.812733734763056e-05
immigration,1.8122518715033522e-05
planning,1.7762742126098988e-05
congo,1.7612878972616995e-05
teen,1.7459200799645754e-05
alter,1.745387204929513e-05
alias,1.7157744582783645e-05
training,1.6779566144620825e-05
perl org,1.6777167489935186e-05
feb 2008,1.6738726050418387e-05
computing,1.6713487664415096e-05
bedroom,1.6368325283728372e-05
com feedback,1.619319056647538e-05
life http,1.604014510580476e-05
tiger,1.5998420827405182e-05
technologies,1.595448907054823e-05
click cable,1.56160543509251e-05
notes submission,1.5424882271505213e-05
artificial,1.5167711525914546e-05
2008 12,1.498333928438671e-05
ham,1.4893365243422452e-05
fake,1.4839048045162854e-05
total submission,1.4710853515179052e-05
object,1.4476283311448234e-05
mime,1.4332329264938083e-05
reasoning,1.430838555509695e-05
nancy,1.4242858473320248e-05
58,1.4220078577487198e-05
nr,1.4055205126101948e-05
py,1.404061344075025e-05
iso 8859,1.4010886900472283e-05
content transfer,1.3555789141130747e-05
podcasts,1.3231244960472567e-05
programming,1.3223828449402848e-05
killer,1.3159670539374772e-05
driven,1.2885533964788935e-05
54,1.2873900189612298e-05
bus,1.2850015174011765e-05
auth,1.2826353328504969e-05
hopes,1.2634277358003804e-05
2008 08,1.2569254782973274e-05
charset,1.2565938386046464e-05
ray,1.234590403033496e-05
victim,1.2317529263932683e-05
emergency,1.2190917211535122e-05
identified,1.1910467750771036e-05
suspect,1.1676137085515712e-05
submission notes,1.1530909682773235e-05
episode,1.1295765691923702e-05
52,1.1108152225938017e-05
encoding,1.1104648801206456e-05
heart attack,1.1036523393116564e-05
type text,1.090695824026422e-05
abuse,1.0870443624177921e-05
added submission,1.0797538004066963e-05
slashdot,1.0743568323125227e-05
candidate,1.0738004483041736e-05
transfer encoding,1.0605878290539332e-05
charset iso,1.060031564524992e-05
dev 40tangomu,1.0365313441040111e-05
has_ip_url,1.031480464151813e-05
race,1.0241151854394708e-05
mime version,1.0211236598285009e-05
version content,1.0161099453183954e-05
mistakes,1.0070605880930906e-05
zvllln,9.768382730809085e-06
landing,9.609581271529203e-06
125,9.559062232119736e-06
film,9.46606541366262e-06
com privacy,9.439522967406179e-06
pm edt,9.336627221172632e-06
attacks,9.175966075821833e-06
fl,9.157593452067618e-06
brazil,9.147190790552206e-06
presidential,9.125315120265582e-06
pgp signature,9.069304134020691e-06
message id,8.900176945864298e-06
data mining,8.821991685768125e-06
text plain,8.814511880357448e-06
hiding,8.800737052697597e-06
developers,8.755526220451665e-06
lw,8.604327288798513e-06
undef,8.405993318605217e-06
email alerts,8.266148748624065e-06
utc,8.077392460422617e-06
usr local,7.956425554593214e-06
grandma,7.938636304974296e-06
alert criteria,7.804869372369679e-06
content type,7.645585602842751e-06
movies,7.405631668650554e-06
fakes,7.326522793575114e-06
decades,7.215707974794226e-06
hilton,7.124704088018161e-06
morgan,7.114352682745558e-06
intelligent,6.958093240279508e-06
jolie,6.9536745358441984e-06
recovering,6.874158665110468e-06
vo,6.835420232928518e-06
tech,6.749374205285787e-06
click alter,6.7217508054084265e-06
junior,6.704230586811359e-06
helo,6.50686224075042e-06
amy,6.435088067397196e-06
hill,6.424076960770495e-06
perl5,6.2531720664714024e-06
commentary,6.198723316313645e-06
10 http,6.118174739252364e-06
2516195 added,5.949752584862366e-06
comedy,5.606432581728154e-06
ju,5.5562422283330285e-06
hamdan,5.4809115615209916e-06
ssp,5.479484349439201e-06
mars,5.33602195035453e-06
plea,5.283409763698991e-06
draws,5.1069466491500725e-06
http bugs,5.089702295254713e-06
paris hilton,5.043813671868748e-06
ascii,5.028772244517645e-06
freeman,4.608869874973844e-06
criteria frequency,4.607300896262617e-06
wives,4.588430963639186e-06
judge,4.457683242572599e-06
guilty,4.332847261228455e-06
settings http,4.266252445850121e-06
angeles,4.216213633729646e-06
wayoflife,4.138585130764608e-06
los angeles,4.098647322940423e-06
story http,4.097417399627673e-06
pitt,4.042639785194326e-06
monster,4.011789597748964e-06
bugs python,3.9638959684687794e-06
asks,3.960188316422523e-06
esmtp,3.905953415640533e-06
08 03,3.856116030572526e-06
kills,3.7204545849266623e-06
pep,3.6901095076895444e-06
alter alert,3.6059998433845206e-06
mom,3.423036865301715e-06
added virus,3.3961956136684516e-06
triangle,3.3864395768661724e-06
lure,3.3693052712239994e-06
laden driver,3.3325114806678965e-06
com 2008,3.313748337777352e-06
anchor_count,3.29896513538922e-06
08 04,3.289933219452572e-06
08 05,3.260053522565253e-06
26 15,3.207220284877726e-06
filename,3.1188334607708287e-06
plain charset,3.09178975163766e-06
american airlines,3.0831125720407296e-06
html agreed,3.0601057320786535e-06
3000 python,3.0589437392154924e-06
mistress,3.0037891402632404e-06
living wayoflife,2.9489780071625117e-06
clinton,2.9017203713059064e-06
john mccain,2.8818734647961845e-06
com ct,2.737222600662794e-06
eggs,2.682315892949669e-06
waikato,2.679321878298339e-06
dkim,2.6325379205612755e-06
toddler,2.5781093390391694e-06
evacuated,2.5634257120066094e-06
sid,2.51247824482326e-06
pipeline,2.5024179296599523e-06
org article,2.4471529073303767e-06
lion,2.3985231824052405e-06
08 06,2.3182872972853424e-06
toronto,2.2987502113726465e-06
obama,2.2736813812294134e-06
guido,2.2654399362029893e-06
2008 07,2.1673739058959308e-06
fri aug,2.1077020915429115e-06
125 000,2.0637865198947844e-06
sot,2.0410302619504536e-06
dog,2.0406236995638657e-06
float,2.035824091615409e-06
webcam,1.9955431231482808e-06
club http,1.9942658207304797e-06
internet com,1.962316332510911e-06
presidential candidate,1.9374570681413564e-06
barred,1.8978154332716585e-06
rtr,1.897271109374895e-06
morgan freeman,1.880418384775477e-06
jed,1.8386784414982092e-06
wcs,1.8306165613778296e-06
redhat com,1.771928654571772e-06
boom,1.7417516066594664e-06
evil http,1.6687749956822796e-06
balloon,1.622033560253014e-06
2008 living,1.5953565863264946e-06
stay home,1.3808215294751692e-06
comments suggestions,1.3441516488450847e-06
upset,1.3435804080034557e-06
edouard,1.3419163635465774e-06
uphill,1.3352573566025388e-06
http click,1.3218694881445206e-06
immigrant,1.3216756243624194e-06
redhat,1.2877448575575073e-06
republican,1.2492953664697714e-06
message date,1.2191876944069616e-06
itn,1.1557306414994785e-06
misleading,1.037718409408377e-06
911,1.0148840277967967e-06
sun feb,1.012055881528748e-06
feb 16,1.004243923270807e-06
casey,9.87678250780823e-07
driver guilty,9.867237613925656e-07
dnt,9.79536040484156e-07
lllp time,9.756688928811072e-07
showbiz,9.749667098296137e-07
pkg,9.736481853700158e-07
2008 world,9.663171620585943e-07
video 2008,9.632972962083867e-07
kiro tot,9.410545259742303e-07
eum,9.391098107901158e-07
2008 crime,9.274423355813995e-07
polls,9.038311453000923e-07
sex ad,8.655304575193749e-07
home http,8.353961604444911e-07
head http,7.719577000318247e-07
evacuate,7.694900612036615e-07
feb 24,7.655169592612144e-07
beating,7.572120746081816e-07
08 01,7.102895173434101e-07
gas http,6.808464943500653e-07
detected trojan,6.777275119602274e-07
notes detected,6.766693399982908e-07
anthrax suspect,6.762011729444735e-07
list scms,6.750443996272772e-07
http cgi,6.749491385162021e-07
911 sandwich,6.716356110613715e-07
ietf,6.594100982762485e-07
sid 08,6.316334498180014e-07
surge,6.12679499614078e-07
sat apr,5.460928302326212e-07
gorillas,5.425675721492422e-07
16 01,5.281627046726803e-07
tropical,5.169019867586608e-07
apr 26,5.138009969333666e-07
0a,5.072591012609614e-07
hostedemail,5.032416669294682e-07
list smsbmo,4.861344733134276e-07
3000 mailing,4.850715021450864e-07
spying,4.8356968543578e-07
suicide,4.336560364697116e-07
pointer,3.5414033103060706e-07
freeman recovering,3.3757248808169373e-07
swim,3.371418555952597e-07
sanctuaries http,3.3575193304206085e-07
ray index,3.356148401371744e-07
teri,3.3289580503431987e-07
tuxonice,3.312758615603527e-07
html sex,3.310057167325556e-07
waikato ac,3.2832023976862145e-07
takes mccain,3.271503815556249e-07
john junior,3.268280715662882e-07
turtle,3.138296119766128e-07
zoo,3.0721949292031403e-07
org submission,2.9606475616185424e-07
9552,2.7307854790252613e-07
tot,2.7307057429805624e-07
devil,2.6658247233750776e-07
lawsuit,2.647614002642975e-07
racy,2.568779639447483e-07
html unsubscribe,2.560153279395645e-07
weka,2.560141017039699e-07
swings,2.1863827503730634e-07
smsbmo 9552,2.0305961121581697e-07
nasa,1.7067035632715337e-07
sender virscan,1.706690127429833e-07
bikini,8.772813478472849e-08
virus total,6.300123915271683e-08
submission id,6.209389147795919e-08
real life,4.740817529799526e-08
ct html,2.8444813310363676e-08
comedy http,1.022949217768786e-08
criticism,7.501933898408834e-09
return http,5.728748501199899e-09
dog http,5.689183691079943e-09
virscan org,5.171783587469811e-09
cnn 10,4.182590684514013e-09
virscan,4.070243751923648e-09
06 hamdan,1.665714556878546e-09
gorilla,1.3806867814567177e-10
anthrax,3.5909956045108074e-11
hopes mars,0.0
balloon race,0.0
barista,0.0
barista stand,0.0
baristas,0.0
baristas barred,0.0
people morgan,0.0
photos casey,0.0
pics cnn,0.0
html anthrax,0.0
html commentary,0.0
html freeman,0.0
amy ray,0.0
angeles airport,0.0
anniv,0.0
anniv ap,0.0
anthony partying,0.0
anthrax case,0.0
org comments,0.0
parties club,0.0
partying,0.0
partying nightclub,0.0
passengers evacuate,0.0
passengers http,0.0
passengers slide,0.0
antibiotic,0.0
fake sex,0.0
antibiotic http,0.0
reacts,0.0
reacts charges,0.0
id 2516195,0.0
id 2520262,0.0
id 2577781,0.0
bedroom kills,0.0
beeper,0.0
beeper ca,0.0
beheading,0.0
recovering surgery,0.0
reports bikini,0.0
reports mistakes,0.0
helps save,0.0
hiding http,0.0
ffcf14,0.0
official says,0.0
oil boom,0.0
oil boomtown,0.0
oil property,0.0
barred kiro,0.0
battle http,0.0
computer spies,0.0
congo gorilla,0.0
congo gorillas,0.0
hilton ad,0.0
hilton swings,0.0
hilton takes,0.0
republican presidential,0.0
alias trojan,0.0
bitdefender,0.0
bitdefender submission,0.0
obama polls,0.0
offers afternoon,0.0
dims,0.0
dims hopes,0.0
fefc1771766301,0.0
fefc1771766301 fec915767660017e,0.0
reserved send,0.0
africa 08,0.0
afternoon deal,0.0
airlines jet,0.0
airport official,0.0
rrated,0.0
rrated comedies,0.0
running cnn,0.0
sanctuaries,0.0
sandwich,0.0
sandwich http,0.0
sandwich wtlv,0.0
save gas,0.0
dnt wa,0.0
evacuate american,0.0
evacuate cnn,0.0
evacuated ktla,0.0
evacuates,0.0
evacuates passengers,0.0
says hopes,0.0
scms,0.0
scms waikato,0.0
selling eggs,0.0
nokids,0.0
nokids nojob,0.0
nr beeper,0.0
ny gotti,0.0
obama got,0.0
bikini barista,0.0
billclinton,0.0
billclinton index,0.0
sender virus,0.0
ad cnn,0.0
ad draws,0.0
ad lawsuit,0.0
session trial,0.0
set float,0.0
handcuffs,0.0
handcuffs cnn,0.0
new photos,0.0
boomtown,0.0
boosted,0.0
boosted http,0.0
born great,0.0
ng mom,0.0
nightclub,0.0
nightclub daughter,0.0
nojob,0.0
nojob wives,0.0
health 08,0.0
health 2008,0.0
sex case,0.0
sex club,0.0
showbiz movies,0.0
showbiz music,0.0
9552 python,0.0
aa plane,0.0
absurd,0.0
slashdot org,0.0
slide plane,0.0
mountain lion,0.0
movies 08,0.0
music 08,0.0
nancy grace,0.0
nasa mars,0.0
navarrette,0.0
navarrette immigration,0.0
need economic,0.0
new antibiotic,0.0
slides emergency,0.0
smoke forces,0.0
emergency landing,0.0
episode 54,0.0
immigration index,0.0
inflatable,0.0
inflatable slides,0.0
insession,0.0
insession teri,0.0
monster cnn,0.0
montauk,0.0
montauk monster,0.0
moos,0.0
discuss story,0.0
sot love,0.0
sot mccain,0.0
sot obama,0.0
deal http,0.0
gorilla survival,0.0
gupta teri,0.0
mistress testifies,0.0
mom charged,0.0
mom parties,0.0
mom pics,0.0
immigrant sanctuaries,0.0
hamdan trial,0.0
crime 2008,0.0
space 08,0.0
spies,0.0
spies http,0.0
spivey,0.0
spivey 911,0.0
firm helps,0.0
wtlv john,0.0
float http,0.0
misleading http,0.0
mistakes doomed,0.0
ca plane,0.0
calls 911,0.0
000 gorillas,0.0
mcginty uk,0.0
05 emergency,0.0
midst,0.0
05 film,0.0
film rrated,0.0
05 gotti,0.0
spying wcjb,0.0
stand closed,0.0
starbucks,0.0
starbucks deal,0.0
starbucks offers,0.0
caylee,0.0
caylee vanished,0.0
marciano,0.0
marciano pipeline,0.0
mark set,0.0
mars index,0.0
mars life,0.0
martin billclinton,0.0
mccain http,0.0
mccain kareen,0.0
mcginty,0.0
05 lw,0.0
05 marciano,0.0
stories smoke,0.0
striking oil,0.0
05 ng,0.0
women driven,0.0
dept posted,0.0
zammitti,0.0
candidate john,0.0
case pure,0.0
zammitti cnn,0.0
casey anthony,0.0
zoo http,0.0
01 canada,0.0
surge cnn,0.0
surge http,0.0
surgery http,0.0
survival boosted,0.0
gotti jr,0.0
grace new,0.0
grandma reacts,0.0
great depression,0.0
itn mark,0.0
guilty http,0.0
gupta,0.0
jb ffcf14,0.0
deal ap,0.0
suspect called,0.0
jet inflatable,0.0
06 sot,0.0
swings republican,0.0
mag,0.0
maggot,0.0
maggot antibiotic,0.0
maggots,0.0
maggots new,0.0
makes landfall,0.0
making fortune,0.0
man born,0.0
man calls,0.0
commentary immigrant,0.0
comments pl,0.0
06 utah,0.0
06 vo,0.0
tech 2008,0.0
tech space,0.0
teen kytv,0.0
teen zoo,0.0
telecommuting,0.0
telecommuting cnn,0.0
06 wynter,0.0
ls fdfc15707661047f701d727d,0.0
lure rated,0.0
charged cnn,0.0
charges http,0.0
clampett,0.0
clampett http,0.0
lw nokids,0.0
london session,0.0
forces emergency,0.0
fortune striking,0.0
freeman ap,0.0
wtlv,0.0
ecostemail com,0.0
depression,0.0
love triangle,0.0
teri garr,0.0
testifies,0.0
testifies trial,0.0
html stay,0.0
interrupt,0.0
lion ap,0.0
lion bedroom,0.0
html toxin,0.0
html women,0.0
living 2008,0.0
fec915767660017e,0.0
fec915767660017e fe5d16747d670c757515,0.0
tiger attacks,0.0
tigers,0.0
tigers attack,0.0
portaka,0.0
2577781,0.0
2577781 added,0.0
portaka kernel,0.0
fdfc15707661047f701d727d,0.0
fdfc15707661047f701d727d fefc1771766301,0.0
fe5d16747d670c757515,0.0
tot grandma,0.0
toxin,0.0
toxin dims,0.0
trial ap,0.0
trial http,0.0
trial index,0.0
trial update,0.0
triangle murder,0.0
triangle zammitti,0.0
closed http,0.0
fe5d16747d670c757515 jb,0.0
club trial,0.0
linkto bn,0.0
html john,0.0
garr,0.0
garr cnn,0.0
garr decades,0.0
trojan downloader,0.0
html lure,0.0
donate eggs,0.0
doomed,0.0
doomed utah,0.0
downloader,0.0
draws lawsuit,0.0
html midst,0.0
eggs http,0.0
eggs index,0.0
html mountain,0.0
html passengers,0.0
lawsuit http,0.0
lawsuit komo,0.0
html reports,0.0
click ecostemail,0.0
html rtr,0.0
tropical weather,0.0
2008 message,0.0
2008 tech,0.0
2008 weather,0.0
html starbucks,0.0
dakota,0.0
dakota oil,0.0
dakota real,0.0
daughter caylee,0.0
dcl,0.0
dcl london,0.0
gorillas http,0.0
gorillas index,0.0
got hit,0.0
gotti,0.0
gotti arrest,0.0
gotti arrested,0.0
plane evacuate,0.0
2516195,0.0
2520262,0.0
2520262 added,0.0
plane evacuated,0.0
plane evacuates,0.0
ktla plane,0.0
kytv,0.0
kytv mistress,0.0
landfall,0.0
landfall http,0.0
landing http,0.0
landing index,0.0
landing los,0.0
plane http,0.0
cnn man,0.0
cnn nancy,0.0
cnn passengers,0.0
cnn pipeline,0.0
unusual names,0.0
update insession,0.0
pleads,0.0
uphill polling,0.0
politics 2008,0.0
upset http,0.0
polling,0.0
arrest index,0.0
2008 health,0.0
arrested http,0.0
10 obama,0.0
10 stories,0.0
article pl,0.0
asked running,0.0
vanished,0.0
vanished woman,0.0
comedies,0.0
comedies ap,0.0
pipeline firm,0.0
kareen wynter,0.0
kids http,0.0
kills dog,0.0
kiro,0.0
pipeline telecommuting,0.0
komo,0.0
komo need,0.0
ktla,0.0
pkg bikini,0.0
video health,0.0
video living,0.0
video politics,0.0
video tech,0.0
videos mom,0.0
pkg webcam,0.0
attack teen,0.0
attacks teen,0.0
life jed,0.0
jr handcuffs,0.0
junior gotti,0.0
karadzic,0.0
kareen,0.0
com ju,0.0
virus alias,0.0
pl sid,0.0
antibiotic itn,0.0
property obama,0.0
pure evil,0.0
10 125,0.0
10 bin,0.0
10 edouard,0.0
vo aa,0.0
vo congo,0.0
race wxin,0.0
racy photos,0.0
wayoflife 08,0.0
wcjb,0.0
wcjb tigers,0.0
rated comedy,0.0
wcs 10,0.0
weather 08,0.0
weather index,0.0
ray http,0.0
webcam spying,0.0
americas 08,0.0
wekalist,0.0
wisconsin,0.0
wives index,0.0
wives kids,0.0
woman computer,0.0
06 dnt,0.0
06 grace,0.0
06 gupta,0.0
hit head,0.0
06 martin,0.0
06 mcginty,0.0
06 mountain,0.0
06 obama,0.0
06 pkg,0.0
06 sex,0.0
06 anthrax,0.0
has_html,0.0
wynter,0.0
05 nr,0.0
05 ny,0.0
05 oil,0.0
05 people,0.0
05 pkg,0.0
05 sot,0.0
05 spivey,0.0
home wives,0.0
edouard makes,0.0
world 2008,0.0
05 congo,0.0
04 navarrette,0.0
04 nasa,0.0
ecostemail,0.0
06 dcl,0.0
wuellner,0.0
wuellner tiger,0.0
wxin,0.0
wxin love,0.0
05 starbucks,0.0
05 tropical,0.0
05 vo,0.0
05 wuellner,0.0
06 amy,0.0
gorilla wcs,0.0
hopes gorilla,0.0
econo,0.0
econo surge,0.0
economic surge,0.0
07 31,0.0
